run_family,scenario_name,mechanism,cohort_id,sponsor_id,entry_timestamp,num_outcomes,duration_steps,duration_bucket,clock_mode,split,nav,nav_per_deposit,nav_per_risk
deterministic,neutral_late_lp,reference_parallel_lmsr_reserve_residual,creator:bootstrap,creator,1,3,,,event_step,,128.4996320663384324518384723,0.9895149860173506787110905232,0.9895149860173506787110905232
deterministic,neutral_late_lp,reference_parallel_lmsr_reserve_residual,lp_late:4,lp_late,4,3,,,event_step,,46.35984154510634111468932211,1.023647486858632339946246239,1.023647486858632339946246239
deterministic,neutral_late_lp,fpmm_pool_share,creator:bootstrap,creator,1,3,,,event_step,,129.2369403700018257854985887,0.9951926490896722549670409179,0.9951926490896722549670409179
deterministic,neutral_late_lp,fpmm_pool_share,lp_late:4,lp_late,4,3,,,event_step,,45.62448850686787979515756630,1.007410539870488055012747652,1.007410539870488055012747652
deterministic,skewed_late_lp,reference_parallel_lmsr_reserve_residual,creator:bootstrap,creator,1,3,,,event_step,,119.1212119177915646084327118,0.9172962011622834453016997249,0.9172962011622834453016997249
deterministic,skewed_late_lp,reference_parallel_lmsr_reserve_residual,lp_late:5,lp_late,5,3,,,event_step,,53.30148652116527866854629130,0.8896178567250958348650511246,0.8896178567250958348650511246
deterministic,skewed_late_lp,fpmm_pool_share,creator:bootstrap,creator,1,3,,,event_step,,113.0619051206220076572139507,0.8706363408633782306859107260,0.8706363408633782306859107260
deterministic,skewed_late_lp,fpmm_pool_share,lp_late:5,lp_late,5,3,,,event_step,,59.17356932906360174048310385,0.9876246866096703852823960185,0.9876246866096703852823960185
deterministic,long_tail_late_lp,reference_parallel_lmsr_reserve_residual,creator:bootstrap,creator,1,8,,,event_step,,311.4483911010792172869523107,1.001049670094736130861027103,1.001049670094736130861027103
deterministic,long_tail_late_lp,reference_parallel_lmsr_reserve_residual,lp_late:5,lp_late,5,8,,,event_step,,119.5406813578405926107918497,0.9502341645686120657847744840,0.9502341645686120657847744840
deterministic,long_tail_late_lp,fpmm_pool_share,creator:bootstrap,creator,1,8,,,event_step,,304.9881418673423549170091915,0.9802852977333993485710509281,0.9802852977333993485710509281
deterministic,long_tail_late_lp,fpmm_pool_share,lp_late:5,lp_late,5,8,,,event_step,,125.9815834977198379496784173,1.001433180622697069541268585,1.001433180622697069541268585
deterministic,early_vs_late_same_delta_b,reference_parallel_lmsr_reserve_residual,creator:bootstrap,creator,1,3,,,event_step,,121.6060351563358870973721437,0.9364306515307827407270319533,0.9364306515307827407270319533
deterministic,early_vs_late_same_delta_b,reference_parallel_lmsr_reserve_residual,lp_early:2,lp_early,2,3,,,event_step,,35.53050027310004083856428964,1.078041836341707199282107599,1.078041836341707199282107599
deterministic,early_vs_late_same_delta_b,reference_parallel_lmsr_reserve_residual,lp_late:5,lp_late,5,3,,,event_step,,32.66490719769435078025813968,0.9572247845610423411050812663,0.9572247845610423411050812663
deterministic,early_vs_late_same_delta_b,fpmm_pool_share,creator:bootstrap,creator,1,3,,,event_step,,124.5847662188040152013045506,0.9593684528165166962192403380,0.9593684528165166962192403380
deterministic,early_vs_late_same_delta_b,fpmm_pool_share,lp_early:2,lp_early,2,3,,,event_step,,31.61921914874210438307592315,0.9593684528165166962192403379,0.9593684528165166962192403379
deterministic,early_vs_late_same_delta_b,fpmm_pool_share,lp_late:5,lp_late,5,3,,,event_step,,33.57379857429523745363630445,0.9838592809302095172984690611,0.9838592809302095172984690611
deterministic,same_final_claims_different_timing,reference_parallel_lmsr_reserve_residual,creator:bootstrap,creator,1,3,,,event_step,,123.3923960148761610649886007,0.9501865729411092347790072950,0.9501865729411092347790072950
deterministic,same_final_claims_different_timing,reference_parallel_lmsr_reserve_residual,lp_timing:3,lp_timing,3,3,,,event_step,,40.36226870294144684512036622,1.024166527531864236927047261,1.024166527531864236927047261
deterministic,same_final_claims_different_timing,fpmm_pool_share,creator:bootstrap,creator,1,3,,,event_step,,124.3896207575706704753699076,0.9578657297718003170764546148,0.9578657297718003170764546148
deterministic,same_final_claims_different_timing,fpmm_pool_share,lp_timing:3,lp_timing,3,3,,,event_step,,39.34407372320224737333360437,0.9983304868369100049730479181,0.9983304868369100049730479181
deterministic,repeated_lp_entries,reference_parallel_lmsr_reserve_residual,creator:bootstrap,creator,1,3,,,event_step,,125.2535995968502110071436360,0.9645188228221183573236338001,0.9645188228221183573236338001
deterministic,repeated_lp_entries,reference_parallel_lmsr_reserve_residual,lp_one:3,lp_one,3,3,,,event_step,,30.14179891935892239718083476,1.077440471176689627380537106,1.077440471176689627380537106
deterministic,repeated_lp_entries,reference_parallel_lmsr_reserve_residual,lp_three:7,lp_three,7,3,,,event_step,,22.24243656823965992516816064,0.9813317621495614695189507056,0.9813317621495614695189507056
deterministic,repeated_lp_entries,reference_parallel_lmsr_reserve_residual,lp_two:5,lp_two,5,3,,,event_step,,34.76476729485019914781196189,1.018611960510988447043404675,1.018611960510988447043404675
deterministic,repeated_lp_entries,fpmm_pool_share,creator:bootstrap,creator,1,3,,,event_step,,127.5563456434897715814784235,0.9822511827168588914948023340,0.9822511827168588914948023340
deterministic,repeated_lp_entries,fpmm_pool_share,lp_one:3,lp_one,3,3,,,event_step,,28.32395694416631511628218552,1.012460390873043828930130305,1.012460390873043828930130305
deterministic,repeated_lp_entries,fpmm_pool_share,lp_three:7,lp_three,7,3,,,event_step,,22.46038782878101592183099513,0.9909477272851066187287777787,0.9909477272851066187287777787
deterministic,repeated_lp_entries,fpmm_pool_share,lp_two:5,lp_two,5,3,,,event_step,,34.05320248033980483172801575,0.9977630238679855621684101779,0.9977630238679855621684101779
deterministic,zero_flow_nav_invariance,reference_parallel_lmsr_reserve_residual,creator:bootstrap,creator,1,3,,,event_step,,129.8500943300770099371864154,0.9999142581905999128436068512,0.9999142581905999128436068512
deterministic,zero_flow_nav_invariance,reference_parallel_lmsr_reserve_residual,lp_static:3,lp_static,3,3,,,event_step,,39.04453898492413331068194080,1.000000000000000000000000000,1.000000000000000000000000000
deterministic,zero_flow_nav_invariance,fpmm_pool_share,creator:bootstrap,creator,1,3,,,event_step,,129.8565686982560906938778805,0.9999641142425992438828948397,0.9999641142425992438828948397
deterministic,zero_flow_nav_invariance,fpmm_pool_share,lp_static:3,lp_static,3,3,,,event_step,,39.04453898492413331068194081,1.000000000000000000000000000,1.000000000000000000000000000
deterministic,same_block_trade_reordering,reference_parallel_lmsr_reserve_residual,creator:bootstrap,creator,1,3,,,event_step,,125.5429363145186244432493159,0.9667468682533314305327442675,0.9667468682533314305327442675
deterministic,same_block_trade_reordering,reference_parallel_lmsr_reserve_residual,lp_block:4,lp_block,3,3,,,event_step,,34.37877044621599770432206377,1.012102648827297068063561958,1.012102648827297068063561958
deterministic,same_block_trade_reordering,fpmm_pool_share,creator:bootstrap,creator,1,3,,,event_step,,126.2086354695061773482386870,0.9718731030872117656285803267,0.9718731030872117656285803267
deterministic,same_block_trade_reordering,fpmm_pool_share,lp_block:3,lp_block,3,3,,,event_step,,33.70153561871995575174202893,0.9921650200555186495033328683,0.9921650200555186495033328683
adversarial,fpmm_compare_adv_0000,reference_parallel_lmsr_reserve_residual,creator:bootstrap,creator,1,3,,,event_step,,126.3345198157560505935682382,0.9728424789921555228037762169,0.9728424789921555228037762169
adversarial,fpmm_compare_adv_0000,reference_parallel_lmsr_reserve_residual,lp_late:3,lp_late,3,3,,,event_step,,21.96767255476268279037763619,0.9815629921169509512559900291,0.9815629921169509512559900291
adversarial,fpmm_compare_adv_0000,fpmm_pool_share,creator:bootstrap,creator,1,3,,,event_step,,125.9129154447349166944831628,0.9695959028223462702457499548,0.9695959028223462702457499548
adversarial,fpmm_compare_adv_0000,fpmm_pool_share,lp_late:3,lp_late,3,3,,,event_step,,22.38029829077468480584150739,1.000000000000000000000000000,1.000000000000000000000000000
adversarial,fpmm_compare_adv_0001,reference_parallel_lmsr_reserve_residual,creator:bootstrap,creator,1,3,,,event_step,,131.4456309268671617046793493,1.012200732072859069012254959,1.012200732072859069012254959
adversarial,fpmm_compare_adv_0001,reference_parallel_lmsr_reserve_residual,lp_late:3,lp_late,3,3,,,event_step,,22.85656144365157167926652507,1.021280464928977549413319089,1.021280464928977549413319089
adversarial,fpmm_compare_adv_0001,fpmm_pool_share,creator:bootstrap,creator,1,3,,,event_step,,131.9129154447349166944831628,1.015799069482302607099181522,1.015799069482302607099181522
adversarial,fpmm_compare_adv_0001,fpmm_pool_share,lp_late:3,lp_late,3,3,,,event_step,,22.38029829077468480584150739,1.000000000000000000000000000,1.000000000000000000000000000
adversarial,fpmm_compare_adv_0006,reference_parallel_lmsr_reserve_residual,creator:bootstrap,creator,1,3,,,event_step,,126.8427659822961057061038241,0.9767562427149778711876435916,0.9767562427149778711876435916
adversarial,fpmm_compare_adv_0006,reference_parallel_lmsr_reserve_residual,lp_late:4,lp_late,4,3,,,event_step,,22.05520687838637366013618703,0.9811570008739644793674384286,0.9811570008739644793674384286
adversarial,fpmm_compare_adv_0006,fpmm_pool_share,creator:bootstrap,creator,1,3,,,event_step,,126.4120001429533299966369421,0.9734391184038828307910572264,0.9734391184038828307910572264
adversarial,fpmm_compare_adv_0006,fpmm_pool_share,lp_late:4,lp_late,4,3,,,event_step,,22.47877440485133703431987708,0.9999999999999999999999999998,0.9999999999999999999999999998
adversarial,fpmm_compare_adv_0007,reference_parallel_lmsr_reserve_residual,creator:bootstrap,creator,1,3,,,event_step,,130.6760993156294390394371574,1.006274932525505530844002648,1.006274932525505530844002648
adversarial,fpmm_compare_adv_0007,reference_parallel_lmsr_reserve_residual,lp_late:4,lp_late,4,3,,,event_step,,22.72187354505304032680285370,1.010814608297738776306972210,1.010814608297738776306972210
adversarial,fpmm_compare_adv_0007,fpmm_pool_share,creator:bootstrap,creator,1,3,,,event_step,,130.9120001429533299966369421,1.008091493398850083431130902,1.008091493398850083431130902
adversarial,fpmm_compare_adv_0007,fpmm_pool_share,lp_late:4,lp_late,4,3,,,event_step,,22.47877440485133703431987708,0.9999999999999999999999999998,0.9999999999999999999999999998
adversarial,fpmm_compare_adv_0014,reference_parallel_lmsr_reserve_residual,creator:bootstrap,creator,1,3,,,event_step,,118.9295451379389544578856674,0.9158202658001655605938610952,0.9158202658001655605938610952
adversarial,fpmm_compare_adv_0014,reference_parallel_lmsr_reserve_residual,lp_late:3,lp_late,3,3,,,event_step,,21.71446643421721826395710880,0.9702491965072723324074602399,0.9702491965072723324074602399
adversarial,fpmm_compare_adv_0014,fpmm_pool_share,creator:bootstrap,creator,1,3,,,event_step,,119.3114968058940349694049744,0.9187614952285950421031585304,0.9187614952285950421031585304
adversarial,fpmm_compare_adv_0014,fpmm_pool_share,lp_late:3,lp_late,3,3,,,event_step,,21.26012929338559582123135152,0.9499484330889892354417034773,0.9499484330889892354417034773
adversarial,fpmm_compare_adv_0015,reference_parallel_lmsr_reserve_residual,creator:bootstrap,creator,1,3,,,event_step,,134.1501333732330721049444909,1.033026828283143032758816174,1.033026828283143032758816174
adversarial,fpmm_compare_adv_0015,reference_parallel_lmsr_reserve_residual,lp_late:3,lp_late,3,3,,,event_step,,24.49387819892310061689828527,1.094439309105171677013373349,1.094439309105171677013373349
adversarial,fpmm_compare_adv_0015,fpmm_pool_share,creator:bootstrap,creator,1,3,,,event_step,,135.5706594804716590703169429,1.043965629029403606309546574,1.043965629029403606309546574
adversarial,fpmm_compare_adv_0015,fpmm_pool_share,lp_late:3,lp_late,3,3,,,event_step,,23.00096661880797172031938299,1.027732799624441588976934661,1.027732799624441588976934661
adversarial,fpmm_compare_adv_0016,reference_parallel_lmsr_reserve_residual,creator:bootstrap,creator,1,3,,,event_step,,128.8663977686079532398837817,0.9923392754952031112217201061,0.9923392754952031112217201061
adversarial,fpmm_compare_adv_0016,reference_parallel_lmsr_reserve_residual,lp_late:3,lp_late,3,3,,,event_step,,23.52898645580447957979419238,1.051325864834576045604558562,1.051325864834576045604558562
adversarial,fpmm_compare_adv_0016,fpmm_pool_share,creator:bootstrap,creator,1,3,,,event_step,,129.4044083478885370178179136,0.9964822409050898552149208779,0.9964822409050898552149208779
adversarial,fpmm_compare_adv_0016,fpmm_pool_share,lp_late:3,lp_late,3,3,,,event_step,,22.97275611214434106064316343,1.026472293339087062336740908,1.026472293339087062336740908
adversarial,fpmm_compare_adv_0017,reference_parallel_lmsr_reserve_residual,creator:bootstrap,creator,1,3,,,event_step,,123.7928683568432473575308406,0.9532704213342106205000684138,0.9532704213342106205000684138
adversarial,fpmm_compare_adv_0017,reference_parallel_lmsr_reserve_residual,lp_late:3,lp_late,3,3,,,event_step,,22.60251586756918546214713356,1.009929160635276264069254193,1.009929160635276264069254193
adversarial,fpmm_compare_adv_0017,fpmm_pool_share,creator:bootstrap,creator,1,3,,,event_step,,125.1452456733109129169059451,0.9636844404241939647153959683,0.9636844404241939647153959683
adversarial,fpmm_compare_adv_0017,fpmm_pool_share,lp_late:3,lp_late,3,3,,,event_step,,21.23191878672196516155513197,0.9486879268036347088015097250,0.9486879268036347088015097250
adversarial,fpmm_compare_adv_0020,reference_parallel_lmsr_reserve_residual,creator:bootstrap,creator,1,3,,,event_step,,119.6361851745787382441752382,0.9212617670304098243499964180,0.9212617670304098243499964180
adversarial,fpmm_compare_adv_0020,reference_parallel_lmsr_reserve_residual,lp_late:4,lp_late,4,3,,,event_step,,21.58265680932046951762632152,0.9601349442193134561993965634,0.9601349442193134561993965634
adversarial,fpmm_compare_adv_0020,fpmm_pool_share,creator:bootstrap,creator,1,3,,,event_step,,119.7970889160466165300718011,0.9225008107609516423360342350,0.9225008107609516423360342350
adversarial,fpmm_compare_adv_0020,fpmm_pool_share,lp_late:4,lp_late,4,3,,,event_step,,21.35558452155802644096210301,0.9500333130683981883565579455,0.9500333130683981883565579455
adversarial,fpmm_compare_adv_0021,reference_parallel_lmsr_reserve_residual,creator:bootstrap,creator,1,3,,,event_step,,133.6140857270649260894791056,1.028898978494212340224012868,1.028898978494212340224012868
adversarial,fpmm_compare_adv_0021,reference_parallel_lmsr_reserve_residual,lp_late:4,lp_late,4,3,,,event_step,,24.10475625683428167232245412,1.072334097166437488405726709,1.072334097166437488405726709
adversarial,fpmm_compare_adv_0021,fpmm_pool_share,creator:bootstrap,creator,1,3,,,event_step,,134.5552819265058293310992576,1.036146685971293266174996917,1.036146685971293266174996917
adversarial,fpmm_compare_adv_0021,fpmm_pool_share,lp_late:4,lp_late,4,3,,,event_step,,23.09739151109881363993464657,1.027520054924078402778715144,1.027520054924078402778715144
adversarial,fpmm_compare_adv_0022,reference_parallel_lmsr_reserve_residual,creator:bootstrap,creator,1,3,,,event_step,,129.6436047794086638740274810,0.9983241796700883975837449428,0.9983241796700883975837449428
adversarial,fpmm_compare_adv_0022,reference_parallel_lmsr_reserve_residual,lp_late:4,lp_late,4,3,,,event_step,,23.38831321520444758118103317,1.040462117461208880584458932,1.040462117461208880584458932
adversarial,fpmm_compare_adv_0022,fpmm_pool_share,creator:bootstrap,creator,1,3,,,event_step,,129.9301450403539490618958624,1.000530690908628795821561747,1.000530690908628795821561747
adversarial,fpmm_compare_adv_0022,fpmm_pool_share,lp_late:4,lp_late,4,3,,,event_step,,23.07614368482702490891701056,1.026574815388812500761659568,1.026574815388812500761659568
adversarial,fpmm_compare_adv_0023,reference_parallel_lmsr_reserve_residual,creator:bootstrap,creator,1,3,,,event_step,,123.2900136191876693988893595,0.9493981744592690721864647384,0.9493981744592690721864647384
adversarial,fpmm_compare_adv_0023,reference_parallel_lmsr_reserve_residual,lp_late:4,lp_late,4,3,,,event_step,,22.24190437542544205631915471,0.9894625024852434113997634110,0.9894625024852434113997634110
adversarial,fpmm_compare_adv_0023,fpmm_pool_share,creator:bootstrap,creator,1,3,,,event_step,,124.1719520298947362608684059,0.9561895656882216772627464159,0.9561895656882216772627464159
adversarial,fpmm_compare_adv_0023,fpmm_pool_share,lp_late:4,lp_late,4,3,,,event_step,,21.33433669528623770994446702,0.9490880735331322863395023710,0.9490880735331322863395023710
adversarial,fpmm_compare_adv_0024,reference_parallel_lmsr_reserve_residual,creator:bootstrap,creator,1,3,,,event_step,,119.6524881222532220993426770,0.9213873083318186118752941961,0.9213873083318186118752941961
adversarial,fpmm_compare_adv_0024,reference_parallel_lmsr_reserve_residual,lp_late:3,lp_late,3,3,,,event_step,,20.79674495774748448494948067,0.8888888888888888888888888887,0.8888888888888888888888888887
adversarial,fpmm_compare_adv_0024,fpmm_pool_share,creator:bootstrap,creator,1,3,,,event_step,,116.9529163234521736000662393,0.9005991807100647851760126824,0.9005991807100647851760126824
adversarial,fpmm_compare_adv_0024,fpmm_pool_share,lp_late:3,lp_late,3,3,,,event_step,,23.39633807746592004556816576,1.000000000000000000000000000,1.000000000000000000000000000
adversarial,fpmm_compare_adv_0025,reference_parallel_lmsr_reserve_residual,creator:bootstrap,creator,1,3,,,event_step,,136.6895251592902591363797141,1.052581485267497099236890005,1.052581485267497099236890005
adversarial,fpmm_compare_adv_0025,reference_parallel_lmsr_reserve_residual,lp_late:3,lp_late,3,3,,,event_step,,23.75970792071044744791244364,1.015531056272199514254703037,1.015531056272199514254703037
adversarial,fpmm_compare_adv_0025,fpmm_pool_share,creator:bootstrap,creator,1,3,,,event_step,,136.9529163234521736000662393,1.054609736243252574687451240,1.054609736243252574687451240
adversarial,fpmm_compare_adv_0025,fpmm_pool_share,lp_late:3,lp_late,3,3,,,event_step,,23.39633807746592004556816576,1.000000000000000000000000000,1.000000000000000000000000000
adversarial,fpmm_compare_adv_0030,reference_parallel_lmsr_reserve_residual,creator:bootstrap,creator,1,3,,,event_step,,121.2824123696891834978057637,0.9339385852730498843001617668,0.9339385852730498843001617668
adversarial,fpmm_compare_adv_0030,reference_parallel_lmsr_reserve_residual,lp_late:4,lp_late,4,3,,,event_step,,21.07746388087961992494312318,0.8888888888888888888888888890,0.8888888888888888888888888890
adversarial,fpmm_compare_adv_0030,fpmm_pool_share,creator:bootstrap,creator,1,3,,,event_step,,118.5662968733031446350654507,0.9130230624485141864462597583,0.9130230624485141864462597583
adversarial,fpmm_compare_adv_0030,fpmm_pool_share,lp_late:4,lp_late,4,3,,,event_step,,23.71214686598957241556101356,0.9999999999999999999999999994,0.9999999999999999999999999994
adversarial,fpmm_compare_adv_0031,reference_parallel_lmsr_reserve_residual,creator:bootstrap,creator,1,3,,,event_step,,134.0601901474669612755835415,1.032334217974808749821358623,1.032334217974808749821358623
adversarial,fpmm_compare_adv_0031,reference_parallel_lmsr_reserve_residual,lp_late:4,lp_late,4,3,,,event_step,,23.29968610310184214716534540,0.9826055074127714517953806425,0.9826055074127714517953806425
adversarial,fpmm_compare_adv_0031,fpmm_pool_share,creator:bootstrap,creator,1,3,,,event_step,,133.5662968733031446350654508,1.028530979098405028579838677,1.028530979098405028579838677
adversarial,fpmm_compare_adv_0031,fpmm_pool_share,lp_late:4,lp_late,4,3,,,event_step,,23.71214686598957241556101357,0.9999999999999999999999999998,0.9999999999999999999999999998
adversarial,fpmm_compare_adv_0038,reference_parallel_lmsr_reserve_residual,creator:bootstrap,creator,1,3,,,event_step,,112.6328877607596164750427553,0.8673326807670888103178930446,0.8673326807670888103178930446
adversarial,fpmm_compare_adv_0038,reference_parallel_lmsr_reserve_residual,lp_late:3,lp_late,3,3,,,event_step,,20.55542216212877823432839376,0.8785743347556873671450667072,0.8785743347556873671450667072
adversarial,fpmm_compare_adv_0038,fpmm_pool_share,creator:bootstrap,creator,1,3,,,event_step,,110.6292307746824225944202216,0.8519034644909037432307465252,0.8519034644909037432307465252
adversarial,fpmm_compare_adv_0038,fpmm_pool_share,lp_late:3,lp_late,3,3,,,event_step,,22.31547077789486742400918979,0.9538018601033943341870617234,0.9538018601033943341870617234
adversarial,fpmm_compare_adv_0039,reference_parallel_lmsr_reserve_residual,creator:bootstrap,creator,1,3,,,event_step,,139.6917112901713811809251083,1.075699902959048760833368740,1.075699902959048760833368740
adversarial,fpmm_compare_adv_0039,reference_parallel_lmsr_reserve_residual,lp_late:3,lp_late,3,3,,,event_step,,25.49659863271701352844604082,1.089768772715502439446292066,1.089768772715502439446292066
adversarial,fpmm_compare_adv_0039,fpmm_pool_share,creator:bootstrap,creator,1,3,,,event_step,,140.8775507123598189189787389,1.084831492368268546376006687,1.084831492368268546376006687
adversarial,fpmm_compare_adv_0039,fpmm_pool_share,lp_late:3,lp_late,3,3,,,event_step,,24.06715084021747109945067258,1.028671698986844501588112331,1.028671698986844501588112331
adversarial,fpmm_compare_adv_0040,reference_parallel_lmsr_reserve_residual,creator:bootstrap,creator,1,3,,,event_step,,122.0651783945873769785495316,0.9399662967904036784495044150,0.9399662967904036784495044150
adversarial,fpmm_compare_adv_0040,reference_parallel_lmsr_reserve_residual,lp_late:3,lp_late,3,3,,,event_step,,22.27771914135424261108875977,0.9521882897909963809641125710,0.9521882897909963809641125710
adversarial,fpmm_compare_adv_0040,fpmm_pool_share,creator:bootstrap,creator,1,3,,,event_step,,120.3051129044794335558085970,0.9264128635950878382239568131,0.9264128635950878382239568131
adversarial,fpmm_compare_adv_0040,fpmm_pool_share,lp_late:3,lp_late,3,3,,,event_step,,23.96930769118606225763393639,1.024489713382625265254265053,1.024489713382625265254265053
adversarial,fpmm_compare_adv_0041,reference_parallel_lmsr_reserve_residual,creator:bootstrap,creator,1,3,,,event_step,,128.8298842769403181550201198,0.9920581023383936660783733386,0.9920581023383936660783733386
adversarial,fpmm_compare_adv_0041,reference_parallel_lmsr_reserve_residual,lp_late:3,lp_late,3,3,,,event_step,,23.51301325900130143461817153,1.004986899280950149039418910,1.004986899280950149039418910
adversarial,fpmm_compare_adv_0041,fpmm_pool_share,creator:bootstrap,creator,1,3,,,event_step,,130.0567929668020372312500798,1.001505946784098614101573767,1.001505946784098614101573767
adversarial,fpmm_compare_adv_0041,fpmm_pool_share,lp_late:3,lp_late,3,3,,,event_step,,22.21762762886345858219245362,0.9496198744991750978532144465,0.9496198744991750978532144465
adversarial,fpmm_compare_adv_0044,reference_parallel_lmsr_reserve_residual,creator:bootstrap,creator,1,3,,,event_step,,114.3994274586003027757114477,0.8809359687788825000840311599,0.8809359687788825000840311599
adversarial,fpmm_compare_adv_0044,reference_parallel_lmsr_reserve_residual,lp_late:4,lp_late,4,3,,,event_step,,20.62669215815148396058167433,0.8698787281777691522531676503,0.8698787281777691522531676503
adversarial,fpmm_compare_adv_0044,fpmm_pool_share,creator:bootstrap,creator,1,3,,,event_step,,112.1937849386378380996219676,0.8639513572885305289038480803,0.8639513572885305289038480803
adversarial,fpmm_compare_adv_0044,fpmm_pool_share,lp_late:4,lp_late,4,3,,,event_step,,22.62096402726382184396438211,0.9539821153734992041452263061,0.9539821153734992041452263061
adversarial,fpmm_compare_adv_0045,reference_parallel_lmsr_reserve_residual,creator:bootstrap,creator,1,3,,,event_step,,137.2723556353958828862086853,1.057069587537832071514239897,1.057069587537832071514239897
adversarial,fpmm_compare_adv_0045,reference_parallel_lmsr_reserve_residual,lp_late:4,lp_late,4,3,,,event_step,,24.75376398135590385008443676,1.043927575231930055684201921,1.043927575231930055684201921
adversarial,fpmm_compare_adv_0045,fpmm_pool_share,creator:bootstrap,creator,1,3,,,event_step,,137.4393999507372962909629086,1.058355916928051675624138770,1.058355916928051675624138770
adversarial,fpmm_compare_adv_0045,fpmm_pool_share,lp_late:4,lp_late,4,3,,,event_step,,24.37534901516436365262344115,1.027968878268294835252739530,1.027968878268294835252739530
adversarial,fpmm_compare_adv_0046,reference_parallel_lmsr_reserve_residual,creator:bootstrap,creator,1,3,,,event_step,,124.0236801323271816931044124,0.9550477938225047275485049854,0.9550477938225047275485049854
adversarial,fpmm_compare_adv_0046,reference_parallel_lmsr_reserve_residual,lp_late:4,lp_late,4,3,,,event_step,,22.36313889533259106044466707,0.9431089905827182223171683867,0.9431089905827182223171683867
adversarial,fpmm_compare_adv_0046,fpmm_pool_share,creator:bootstrap,creator,1,3,,,event_step,,122.0050502032470702571005739,0.9395032779828273559760722479,0.9395032779828273559760722479
adversarial,fpmm_compare_adv_0046,fpmm_pool_share,lp_late:4,lp_late,4,3,,,event_step,,24.30097410691382451979658101,1.024832304061375791462803350,1.024832304061375791462803350
adversarial,fpmm_compare_adv_0047,reference_parallel_lmsr_reserve_residual,creator:bootstrap,creator,1,3,,,event_step,,126.5651165964155794831596610,0.9746181959068324577074170671,0.9746181959068324577074170671
adversarial,fpmm_compare_adv_0047,reference_parallel_lmsr_reserve_residual,lp_late:4,lp_late,4,3,,,event_step,,22.82170243124419327038941845,0.9624477513665138782539499722,0.9624477513665138782539499722
adversarial,fpmm_compare_adv_0047,fpmm_pool_share,creator:bootstrap,creator,1,3,,,event_step,,126.7594351911476120657596330,0.9761145516430878935229393947,0.9761145516430878935229393947
adversarial,fpmm_compare_adv_0047,fpmm_pool_share,lp_late:4,lp_late,4,3,,,event_step,,22.54658911901328271113752199,0.9508455411665801603552901277,0.9508455411665801603552901277
high_skew,fpmm_compare_high_skew_0000,reference_parallel_lmsr_reserve_residual,creator:bootstrap,creator,1,16,,,event_step,,261.9671602334678093239347821,0.8812761693991802080895737551,0.8812761693991802080895737551
high_skew,fpmm_compare_high_skew_0000,reference_parallel_lmsr_reserve_residual,lp_late:3,lp_late,3,16,,,event_step,,45.55259400744156565108352388,0.8098718629553940145475577640,0.8098718629553940145475577640
high_skew,fpmm_compare_high_skew_0000,fpmm_pool_share,creator:bootstrap,creator,1,16,,,event_step,,250.6917386175562777817394176,0.8433448486902200210314657840,0.8433448486902200210314657840
high_skew,fpmm_compare_high_skew_0000,fpmm_pool_share,lp_late:3,lp_late,3,16,,,event_step,,56.24666825837176135746896439,1.000000000000000000000000000,1.000000000000000000000000000
high_skew,fpmm_compare_high_skew_0001,reference_parallel_lmsr_reserve_residual,creator:bootstrap,creator,1,16,,,event_step,,225.8015512126196074938036130,0.7596124869991534781368272513,0.7596124869991534781368272513
high_skew,fpmm_compare_high_skew_0001,reference_parallel_lmsr_reserve_residual,lp_late:3,lp_late,3,16,,,event_step,,39.25209442724524814894396120,0.6827408281044440473599136039,0.6827408281044440473599136039
high_skew,fpmm_compare_high_skew_0001,fpmm_pool_share,creator:bootstrap,creator,1,16,,,event_step,,204.8162984098655802304440303,0.6890166031967615560426256066,0.6890166031967615560426256066
high_skew,fpmm_compare_high_skew_0001,fpmm_pool_share,lp_late:3,lp_late,3,16,,,event_step,,57.49193956398423750089528971,1.000000000000000000000000000,1.000000000000000000000000000
high_skew,fpmm_compare_high_skew_0002,reference_parallel_lmsr_reserve_residual,creator:bootstrap,creator,1,16,,,event_step,,142.2004261554071478680087627,0.4783723529983058193852477063,0.4783723529983058193852477063
high_skew,fpmm_compare_high_skew_0002,reference_parallel_lmsr_reserve_residual,lp_late:3,lp_late,3,16,,,event_step,,24.63833768972749406915152198,0.3730172880854767870974551850,0.3730172880854767870974551850
high_skew,fpmm_compare_high_skew_0002,fpmm_pool_share,creator:bootstrap,creator,1,16,,,event_step,,75.94072410068675327922894368,0.2554700000458424063125460945,0.2554700000458424063125460945
high_skew,fpmm_compare_high_skew_0002,fpmm_pool_share,lp_late:3,lp_late,3,16,,,event_step,,66.05146323427676416112879557,1.000000000000000000000000000,1.000000000000000000000000000
high_skew,fpmm_compare_high_skew_0003,reference_parallel_lmsr_reserve_residual,creator:bootstrap,creator,1,16,,,event_step,,114.3880457974570398391129860,0.3848095262612317392481238360,0.3848095262612317392481238360
high_skew,fpmm_compare_high_skew_0003,reference_parallel_lmsr_reserve_residual,lp_late:3,lp_late,3,16,,,event_step,,19.48945266216522214454801540,0.1912124737465986975682598847,0.1912124737465986975682598847
high_skew,fpmm_compare_high_skew_0003,fpmm_pool_share,creator:bootstrap,creator,1,16,,,event_step,,2.175649778630373619738037737,0.007319040681117395278980275626,0.007319040681117395278980275626
high_skew,fpmm_compare_high_skew_0003,fpmm_pool_share,lp_late:3,lp_late,3,16,,,event_step,,101.9256342449358749126165174,1.000000000000000000000000001,1.000000000000000000000000001
high_skew,fpmm_compare_high_skew_0004,reference_parallel_lmsr_reserve_residual,creator:bootstrap,creator,1,16,,,event_step,,273.1473287685311957442468336,0.9188870519656705078638816337,0.9188870519656705078638816337
high_skew,fpmm_compare_high_skew_0004,reference_parallel_lmsr_reserve_residual,lp_late:3,lp_late,3,16,,,event_step,,118.7424278599358212669749190,0.8444406151453223755389108976,0.8444406151453223755389108976
high_skew,fpmm_compare_high_skew_0004,fpmm_pool_share,creator:bootstrap,creator,1,16,,,event_step,,250.6917386175562777817394175,0.8433448486902200210314657837,0.8433448486902200210314657837
high_skew,fpmm_compare_high_skew_0004,fpmm_pool_share,lp_late:3,lp_late,3,16,,,event_step,,140.6166706459294033936724110,1.000000000000000000000000000,1.000000000000000000000000000
high_skew,fpmm_compare_high_skew_0005,reference_parallel_lmsr_reserve_residual,creator:bootstrap,creator,1,16,,,event_step,,244.8704802192103690890254564,0.8237617211798669691115982380,0.8237617211798669691115982380
high_skew,fpmm_compare_high_skew_0005,reference_parallel_lmsr_reserve_residual,lp_late:3,lp_late,3,16,,,event_step,,106.4210747666308428050650523,0.7404243139036360387490202212,0.7404243139036360387490202212
high_skew,fpmm_compare_high_skew_0005,fpmm_pool_share,creator:bootstrap,creator,1,16,,,event_step,,204.8162984098655802304440302,0.6890166031967615560426256063,0.6890166031967615560426256063
high_skew,fpmm_compare_high_skew_0005,fpmm_pool_share,lp_late:3,lp_late,3,16,,,event_step,,143.7298489099605937522382242,0.9999999999999999999999999997,0.9999999999999999999999999997
high_skew,fpmm_compare_high_skew_0006,reference_parallel_lmsr_reserve_residual,creator:bootstrap,creator,1,16,,,event_step,,185.4959664974359302368940942,0.6240216317502164778702573960,0.6240216317502164778702573960
high_skew,fpmm_compare_high_skew_0006,reference_parallel_lmsr_reserve_residual,lp_late:3,lp_late,3,16,,,event_step,,80.41999219911385794195938384,0.4870141447972082803524633331,0.4870141447972082803524633331
high_skew,fpmm_compare_high_skew_0006,fpmm_pool_share,creator:bootstrap,creator,1,16,,,event_step,,75.94072410068675327922894371,0.2554700000458424063125460946,0.2554700000458424063125460946
high_skew,fpmm_compare_high_skew_0006,fpmm_pool_share,lp_late:3,lp_late,3,16,,,event_step,,165.1286580856919104028219889,0.9999999999999999999999999999,0.9999999999999999999999999999
high_skew,fpmm_compare_high_skew_0007,reference_parallel_lmsr_reserve_residual,creator:bootstrap,creator,1,16,,,event_step,,200.5713265430809040966391471,0.6747362157518876424147836391,0.6747362157518876424147836391
high_skew,fpmm_compare_high_skew_0007,reference_parallel_lmsr_reserve_residual,lp_late:3,lp_late,3,16,,,event_step,,86.19462328394517025594663029,0.3382647512472171161922126329,0.3382647512472171161922126329
high_skew,fpmm_compare_high_skew_0007,fpmm_pool_share,creator:bootstrap,creator,1,16,,,event_step,,2.175649778630373619738037737,0.007319040681117395278980275626,0.007319040681117395278980275626
high_skew,fpmm_compare_high_skew_0007,fpmm_pool_share,lp_late:3,lp_late,3,16,,,event_step,,254.8140856123396872815412933,0.9999999999999999999999999999,0.9999999999999999999999999999
high_skew,fpmm_compare_high_skew_0008,reference_parallel_lmsr_reserve_residual,creator:bootstrap,creator,1,32,,,event_step,,330.7913181188501778545369922,0.9023872065257249876305534739,0.9023872065257249876305534739
high_skew,fpmm_compare_high_skew_0008,reference_parallel_lmsr_reserve_residual,lp_late:3,lp_late,3,32,,,event_step,,57.52543449242624833612454729,0.8251382837283535774909967802,0.8251382837283535774909967802
high_skew,fpmm_compare_high_skew_0008,fpmm_pool_share,creator:bootstrap,creator,1,32,,,event_step,,318.2660095952716829853791058,0.8682186006694978121270001526,0.8682186006694978121270001526
high_skew,fpmm_compare_high_skew_0008,fpmm_pool_share,lp_late:3,lp_late,3,32,,,event_step,,69.71611380397952937814011573,1.000000000000000000000000000,1.000000000000000000000000000
high_skew,fpmm_compare_high_skew_0009,reference_parallel_lmsr_reserve_residual,creator:bootstrap,creator,1,32,,,event_step,,291.5260409641436877369010747,0.7952728966139896320792549095,0.7952728966139896320792549095
high_skew,fpmm_compare_high_skew_0009,reference_parallel_lmsr_reserve_residual,lp_late:3,lp_late,3,32,,,event_step,,50.69108464159771756595402687,0.7204449363896055657427394356,0.7204449363896055657427394356
high_skew,fpmm_compare_high_skew_0009,fpmm_pool_share,creator:bootstrap,creator,1,32,,,event_step,,270.2352161734951036657516810,0.7371922673619270486500926217,0.7371922673619270486500926217
high_skew,fpmm_compare_high_skew_0009,fpmm_pool_share,lp_late:3,lp_late,3,32,,,event_step,,70.36080355513076559503161358,0.9999999999999999999999999998,0.9999999999999999999999999998
high_skew,fpmm_compare_high_skew_0010,reference_parallel_lmsr_reserve_residual,creator:bootstrap,creator,1,32,,,event_step,,189.2849251599710161439337647,0.5163626900001268040944141877,0.5163626900001268040944141877
high_skew,fpmm_compare_high_skew_0010,reference_parallel_lmsr_reserve_residual,lp_late:3,lp_late,3,32,,,event_step,,32.86699580557228435295642775,0.4364302428278617064495483540,0.4364302428278617064495483540
high_skew,fpmm_compare_high_skew_0010,fpmm_pool_share,creator:bootstrap,creator,1,32,,,event_step,,129.2492987067239489430244660,0.3525875898697695744799082086,0.3525875898697695744799082086
high_skew,fpmm_compare_high_skew_0010,fpmm_pool_share,lp_late:3,lp_late,3,32,,,event_step,,75.30870361460215323040931457,1.000000000000000000000000000,1.000000000000000000000000000
high_skew,fpmm_compare_high_skew_0011,reference_parallel_lmsr_reserve_residual,creator:bootstrap,creator,1,32,,,event_step,,123.3368435900082743163774713,0.3364586180248529683449567856,0.3364586180248529683449567856
high_skew,fpmm_compare_high_skew_0011,reference_parallel_lmsr_reserve_residual,lp_late:3,lp_late,3,32,,,event_step,,21.15006751221666322729190647,0.2037699961282063625775228885,0.2037699961282063625775228885
high_skew,fpmm_compare_high_skew_0011,fpmm_pool_share,creator:bootstrap,creator,1,32,,,event_step,,1.375633474520365021549915884,0.003752680255742693214961355573,0.003752680255742693214961355573
high_skew,fpmm_compare_high_skew_0011,fpmm_pool_share,lp_late:3,lp_late,3,32,,,event_step,,103.7938259512437461307033947,0.9999999999999999999999999993,0.9999999999999999999999999993
